--
-- PostgreSQL database dump
--

-- Dumped from database version 9.6.6
-- Dumped by pg_dump version 9.6.6

SET statement_timeout = 0;
SET lock_timeout = 0;
SET idle_in_transaction_session_timeout = 0;
SET client_encoding = 'UTF8';
SET standard_conforming_strings = on;
SET check_function_bodies = false;
SET client_min_messages = warning;
SET row_security = off;

--
-- Name: plpgsql; Type: EXTENSION; Schema: -; Owner: 
--

CREATE EXTENSION IF NOT EXISTS plpgsql WITH SCHEMA pg_catalog;


--
-- Name: EXTENSION plpgsql; Type: COMMENT; Schema: -; Owner: 
--

COMMENT ON EXTENSION plpgsql IS 'PL/pgSQL procedural language';


SET search_path = public, pg_catalog;

SET default_tablespace = '';

SET default_with_oids = false;

--
-- Name: equipe; Type: TABLE; Schema: public; Owner: pari
--

CREATE TABLE equipe (
    id integer NOT NULL,
    pays character varying(50) NOT NULL,
    code_groupe character varying(1)
);


ALTER TABLE equipe OWNER TO pari;

--
-- Name: etat; Type: TABLE; Schema: public; Owner: pari
--

CREATE TABLE etat (
    id integer NOT NULL,
    libelle character varying(10) NOT NULL
);


ALTER TABLE etat OWNER TO pari;

--
-- Name: match; Type: TABLE; Schema: public; Owner: pari
--

CREATE TABLE match (
    id integer NOT NULL,
    date_match timestamp with time zone NOT NULL,
    equipe_id_dom integer,
    equipe_id_ext integer,
    etat_id integer NOT NULL,
    score_dom integer,
    score_ext integer,
    phase_id integer NOT NULL
);


ALTER TABLE match OWNER TO pari;

--
-- Name: paris_id_seq; Type: SEQUENCE; Schema: public; Owner: pari
--

CREATE SEQUENCE paris_id_seq
    START WITH 1
    INCREMENT BY 1
    NO MINVALUE
    NO MAXVALUE
    CACHE 1;


ALTER TABLE paris_id_seq OWNER TO pari;

--
-- Name: paris; Type: TABLE; Schema: public; Owner: pari
--

CREATE TABLE paris (
    id integer DEFAULT nextval('paris_id_seq'::regclass) NOT NULL,
    match_id integer NOT NULL,
    utilisateur_id integer NOT NULL,
    score_dom integer NOT NULL,
    score_ext integer NOT NULL,
    points_acquis integer DEFAULT 0 NOT NULL
);


ALTER TABLE paris OWNER TO pari;

--
-- Name: phase; Type: TABLE; Schema: public; Owner: pari
--

CREATE TABLE phase (
    id integer NOT NULL,
    libelle character varying(50) NOT NULL
);


ALTER TABLE phase OWNER TO pari;

--
-- Name: session_id_seq; Type: SEQUENCE; Schema: public; Owner: pari
--

CREATE SEQUENCE session_id_seq
    START WITH 1
    INCREMENT BY 1
    NO MINVALUE
    NO MAXVALUE
    CACHE 1;


ALTER TABLE session_id_seq OWNER TO pari;

--
-- Name: session; Type: TABLE; Schema: public; Owner: pari
--

CREATE TABLE session (
    id integer DEFAULT nextval('session_id_seq'::regclass) NOT NULL,
    token character varying(45) NOT NULL,
    date timestamp without time zone NOT NULL,
    utilisateur_id integer NOT NULL
);


ALTER TABLE session OWNER TO pari;

--
-- Name: TABLE session; Type: COMMENT; Schema: public; Owner: pari
--

COMMENT ON TABLE session IS 'Objet gérant la session utilisateur en lien avec le cookie token';


--
-- Name: utilisateur_id_seq; Type: SEQUENCE; Schema: public; Owner: pari
--

CREATE SEQUENCE utilisateur_id_seq
    START WITH 1
    INCREMENT BY 1
    NO MINVALUE
    NO MAXVALUE
    CACHE 1;


ALTER TABLE utilisateur_id_seq OWNER TO pari;

--
-- Name: utilisateur; Type: TABLE; Schema: public; Owner: pari
--

CREATE TABLE utilisateur (
    id integer DEFAULT nextval('utilisateur_id_seq'::regclass) NOT NULL,
    nom character varying(255) DEFAULT NULL::character varying,
    prenom character varying(255) DEFAULT NULL::character varying,
    login character varying(255) NOT NULL,
    email character varying(255) NOT NULL,
    password character varying(255) NOT NULL,
    promotion smallint DEFAULT 0 NOT NULL,
    isactif smallint DEFAULT 0 NOT NULL,
    isadmin smallint DEFAULT 0 NOT NULL,
    points integer DEFAULT 0 NOT NULL
);


ALTER TABLE utilisateur OWNER TO pari;

--
-- Data for Name: equipe; Type: TABLE DATA; Schema: public; Owner: pari
--

COPY equipe (id, pays, code_groupe) FROM stdin;
808	Russie	A
801	Arabie Saoudite	A
825	Egypte	A
758	Uruguay	A
815	Maroc	B
840	Iran	B
765	Portugal	B
760	Espagne	B
773	France	C
779	Australie	C
832	Pérou	C
782	Danemark	C
762	Argentine	D
1066	Islande	D
799	Croatie	D
776	Nigeria	D
793	Costa Rica	E
780	Serbie	E
764	Brésil	E
788	Suisse	E
759	Allemagne	F
769	Mexique	F
792	Suède	F
772	Corée du sud	F
805	Belgique	G
1836	Panama	G
802	Tunisie	G
770	Angleterre	G
794	Pologne	H
804	Senegal	H
818	Colombie	H
766	Japon	H
\.


--
-- Data for Name: etat; Type: TABLE DATA; Schema: public; Owner: pari
--

COPY etat (id, libelle) FROM stdin;
1	SCHEDULED
2	TIMED
3	POSTPONED
4	CANCELED
5	IN_PLAY
6	FINISHED
\.


--
-- Data for Name: match; Type: TABLE DATA; Schema: public; Owner: pari
--

COPY match (id, date_match, equipe_id_dom, equipe_id_ext, etat_id, score_dom, score_ext, phase_id) FROM stdin;
165069	2018-06-14 17:00:00+02	808	801	6	5	0	1
165090	2018-06-23 20:00:00+02	759	792	6	2	1	2
165084	2018-06-15 14:00:00+02	825	758	6	0	1	1
165083	2018-06-15 17:00:00+02	815	840	6	0	1	1
165079	2018-06-19 17:00:00+02	794	804	6	1	2	1
165128	2018-07-07 20:00:00+02	808	799	6	1	1	5
165100	2018-06-19 20:00:00+02	808	825	6	3	1	2
165076	2018-06-15 20:00:00+02	765	760	6	3	3	1
165109	2018-06-25 20:00:00+02	760	815	6	2	2	3
165112	2018-06-25 20:00:00+02	840	765	6	1	1	3
165087	2018-06-20 14:00:00+02	765	815	6	1	0	2
165072	2018-06-16 12:00:00+02	773	779	6	2	1	1
165086	2018-06-20 17:00:00+02	758	801	6	1	0	2
165073	2018-06-16 15:00:00+02	762	1066	6	1	1	1
165105	2018-06-28 20:00:00+02	770	805	6	0	1	3
165110	2018-06-28 20:00:00+02	1836	802	6	1	2	3
165071	2018-06-16 18:00:00+02	832	782	6	0	1	1
165085	2018-06-20 20:00:00+02	840	760	6	0	1	2
165107	2018-06-26 16:00:00+02	779	832	6	0	2	3
165093	2018-06-24 14:00:00+02	770	1836	6	6	1	2
165074	2018-06-16 21:00:00+02	799	776	6	2	0	1
165099	2018-06-21 14:00:00+02	782	779	6	1	1	2
165113	2018-06-26 16:00:00+02	782	773	6	0	0	3
165075	2018-06-17 14:00:00+02	793	780	6	0	1	1
165120	2018-07-02 20:00:00+02	805	766	6	3	2	4
165096	2018-06-21 17:00:00+02	773	832	6	1	0	2
165082	2018-06-17 17:00:00+02	759	769	6	0	1	1
165130	2018-07-10 20:00:00+02	773	805	6	1	0	6
165070	2018-06-17 20:00:00+02	764	788	6	1	1	1
165095	2018-06-24 17:00:00+02	766	804	6	2	2	2
165081	2018-06-18 14:00:00+02	792	772	6	1	0	1
165094	2018-06-21 20:00:00+02	762	799	6	0	3	2
165117	2018-07-03 16:00:00+02	792	788	6	1	0	4
165077	2018-06-18 17:00:00+02	805	1836	6	3	0	1
165092	2018-06-22 14:00:00+02	764	793	6	2	0	2
165114	2018-06-26 20:00:00+02	1066	799	6	1	2	3
165097	2018-06-24 20:00:00+02	794	818	6	0	3	2
165078	2018-06-18 20:00:00+02	802	770	6	1	2	1
165098	2018-06-22 17:00:00+02	776	1066	6	2	0	2
165091	2018-06-22 20:00:00+02	780	788	6	1	2	2
165080	2018-06-19 14:00:00+02	818	766	6	1	2	1
165115	2018-06-26 20:00:00+02	776	762	6	1	2	3
165129	2018-07-11 20:00:00+02	799	770	6	1	1	6
165124	2018-07-03 20:00:00+02	818	770	6	1	1	4
165088	2018-06-23 14:00:00+02	805	802	6	5	2	2
165102	2018-06-27 16:00:00+02	769	792	6	0	3	3
165106	2018-06-27 16:00:00+02	772	759	6	2	0	3
165089	2018-06-23 17:00:00+02	772	769	6	1	2	2
165119	2018-06-30 16:00:00+02	773	762	6	4	3	4
165131	2018-07-14 16:00:00+02	805	770	6	2	0	7
165116	2018-06-27 20:00:00+02	780	764	6	0	2	3
165123	2018-06-30 20:00:00+02	758	765	6	2	1	4
165127	2018-07-06 16:00:00+02	758	773	6	0	2	5
165101	2018-06-25 16:00:00+02	758	808	6	3	0	3
165111	2018-06-25 16:00:00+02	801	825	6	2	1	3
165103	2018-06-28 16:00:00+02	804	818	6	0	1	3
165104	2018-06-28 16:00:00+02	766	794	6	0	1	3
165122	2018-07-01 16:00:00+02	760	808	6	1	1	4
165132	2018-07-15 17:00:00+02	773	799	6	4	2	8
165121	2018-07-01 20:00:00+02	799	782	6	1	1	4
165126	2018-07-06 20:00:00+02	764	805	6	1	2	5
165108	2018-06-27 20:00:00+02	788	793	6	2	2	3
165118	2018-07-02 16:00:00+02	764	769	6	2	0	4
165125	2018-07-07 16:00:00+02	792	770	6	0	2	5
\.


--
-- Data for Name: paris; Type: TABLE DATA; Schema: public; Owner: pari
--

COPY paris (id, match_id, utilisateur_id, score_dom, score_ext, points_acquis) FROM stdin;
642	165099	52	2	0	0
608	165076	48	1	2	0
621	165076	47	0	1	0
625	165076	51	0	1	0
609	165072	48	1	0	2
607	165083	48	1	0	0
623	165083	47	1	0	0
624	165083	51	2	0	0
622	165072	47	2	0	1
722	165099	62	1	0	0
646	165098	52	1	1	0
626	165072	52	3	1	1
615	165070	48	2	1	0
617	165077	48	3	0	3
639	165087	52	4	0	1
620	165079	48	1	0	0
619	165080	48	2	0	0
616	165081	48	1	0	3
633	165081	52	2	1	2
632	165070	52	3	2	0
611	165071	48	1	1	0
614	165082	48	2	0	0
813	165099	63	1	1	3
613	165075	48	0	2	1
644	165094	52	2	1	0
724	165094	62	1	0	0
903	165094	2	1	2	1
630	165075	52	0	0	0
631	165082	52	4	1	0
643	165096	52	2	1	2
723	165096	62	3	1	1
808	165096	61	3	0	1
1063	165122	2	2	1	0
673	165072	61	0	1	0
679	165070	61	2	0	0
628	165071	52	0	2	1
671	165071	47	2	2	0
689	165081	56	1	1	0
610	165073	48	2	1	0
627	165073	52	3	0	0
670	165073	47	3	1	0
674	165073	61	2	0	0
681	165073	2	1	2	0
683	165073	56	2	1	0
695	165073	62	1	0	0
680	165072	2	3	0	1
682	165072	56	2	0	1
694	165072	62	3	0	1
706	165072	50	3	2	2
707	165073	50	1	1	3
678	165082	61	2	0	0
701	165081	62	2	0	1
634	165077	52	5	0	1
636	165080	52	1	1	0
637	165079	52	1	1	0
677	165075	61	1	2	2
612	165074	48	2	0	3
629	165074	52	2	1	1
672	165074	47	3	2	1
675	165071	61	1	1	0
684	165071	56	2	2	0
696	165071	62	1	1	0
708	165071	50	0	0	0
752	165071	51	1	2	2
676	165074	61	1	1	0
685	165074	56	1	1	0
697	165074	62	2	1	1
709	165074	50	1	0	1
641	165085	52	0	4	1
692	165080	56	2	0	0
651	165093	52	3	0	1
693	165079	56	2	0	0
687	165082	56	3	2	0
699	165082	62	2	0	0
713	165081	50	2	1	2
688	165070	56	2	0	0
700	165070	62	3	0	0
686	165075	56	2	1	0
712	165070	50	2	0	0
766	165070	2	3	0	0
721	165085	62	0	2	1
704	165080	62	3	1	0
716	165080	50	2	2	0
647	165091	52	1	3	1
648	165088	52	2	0	1
649	165089	52	1	0	0
650	165090	52	2	1	3
731	165093	62	2	0	1
652	165095	52	2	1	0
657	165109	52	2	0	0
654	165101	52	1	1	0
732	165095	62	1	0	0
737	165109	62	3	0	0
640	165086	52	2	0	1
730	165090	62	1	1	0
656	165112	52	0	3	0
736	165112	62	0	2	0
659	165107	52	1	3	2
738	165107	62	1	2	1
660	165114	52	1	3	1
741	165114	62	0	1	2
662	165102	52	1	1	0
743	165102	62	0	1	1
669	165105	52	1	1	0
749	165105	62	2	1	0
666	165103	52	1	2	2
746	165103	62	0	2	1
668	165110	52	0	2	1
748	165110	62	0	1	2
665	165108	52	3	0	0
658	165113	52	1	2	0
661	165115	52	1	2	3
638	165100	52	1	3	0
720	165086	62	2	0	1
718	165100	62	1	1	0
804	165100	61	2	1	1
809	165100	63	2	0	2
719	165087	62	1	0	3
805	165087	61	3	0	1
810	165087	63	2	1	2
806	165086	61	3	0	1
811	165086	63	3	0	1
807	165085	61	0	3	1
812	165085	63	0	2	1
728	165088	62	2	0	1
729	165089	62	1	2	3
905	165090	61	2	0	1
906	165093	61	2	0	1
739	165113	62	0	2	0
740	165115	62	0	2	1
735	165101	62	3	1	1
663	165106	52	1	3	0
742	165106	62	0	2	0
1074	165118	2	2	1	2
1075	165120	2	2	0	2
1076	165117	2	1	1	0
667	165104	52	2	0	0
747	165104	62	0	1	3
664	165116	52	1	3	2
745	165116	62	0	2	3
653	165097	52	1	1	0
733	165097	62	2	3	1
921	165101	56	2	1	1
698	165075	62	0	2	1
710	165075	50	0	1	3
753	165075	47	2	2	0
763	165075	2	1	1	0
772	165075	51	1	1	0
711	165082	50	3	1	0
754	165082	47	5	2	0
765	165082	2	3	0	0
761	165071	2	0	0	0
773	165082	51	3	0	0
780	165099	47	1	1	3
790	165098	50	1	1	0
775	165100	47	2	1	1
782	165100	50	2	1	1
750	165072	51	2	0	1
618	165078	48	0	1	2
635	165078	52	1	2	3
691	165078	56	1	2	3
703	165078	62	0	1	2
715	165078	50	1	2	3
758	165078	47	1	2	3
769	165078	61	1	2	3
800	165078	2	0	2	1
803	165078	51	1	2	3
759	165080	47	2	1	0
770	165080	61	3	2	0
841	165080	2	1	1	0
751	165073	51	2	1	0
843	165100	2	2	0	2
777	165086	47	1	1	0
789	165092	50	3	0	1
779	165096	47	3	1	1
690	165077	56	2	0	1
702	165077	62	4	0	1
714	165077	50	2	0	1
757	165077	47	1	1	0
768	165077	61	2	0	1
799	165077	2	2	0	1
802	165077	51	2	0	1
835	165108	63	1	0	0
787	165096	50	2	1	2
762	165074	2	2	1	1
764	165074	51	1	1	0
816	165092	63	2	1	1
817	165098	63	0	1	0
847	165098	61	1	1	0
794	165090	50	1	1	0
756	165081	47	1	1	0
767	165081	61	2	0	1
892	165108	50	1	0	0
798	165081	2	1	1	0
801	165081	51	1	1	0
755	165070	47	3	1	0
774	165070	51	3	0	0
793	165089	50	0	2	1
821	165090	63	1	1	0
795	165093	50	1	0	1
797	165097	50	1	2	1
796	165095	50	1	2	0
827	165109	63	3	0	0
792	165088	50	2	0	1
846	165092	61	2	0	3
820	165089	63	1	1	0
786	165099	50	2	0	0
705	165079	62	1	1	0
717	165079	50	1	2	3
760	165079	47	2	1	0
844	165099	61	1	3	0
853	165099	48	1	1	3
771	165079	61	0	2	1
842	165079	2	1	0	0
857	165098	48	0	1	0
819	165088	63	2	0	1
822	165093	63	3	0	1
1078	165120	61	2	0	2
871	165089	56	0	2	1
781	165094	47	1	0	0
814	165096	63	2	0	1
849	165088	61	2	0	1
788	165094	50	2	2	0
1065	165124	47	1	2	0
1077	165124	2	2	1	0
868	165098	56	1	2	0
784	165086	50	3	0	1
877	165089	47	2	2	0
776	165087	47	1	1	0
783	165087	50	3	0	1
851	165086	48	2	0	1
862	165086	56	2	0	1
880	165086	51	2	0	1
815	165094	63	2	1	0
845	165094	61	2	0	0
855	165094	48	2	1	0
778	165085	47	1	2	2
785	165085	50	0	2	1
852	165085	48	0	2	1
863	165085	56	0	4	1
881	165085	51	0	3	1
854	165096	48	2	0	1
865	165096	56	2	0	1
856	165092	48	2	0	3
867	165092	56	3	0	1
859	165088	48	2	0	1
872	165090	56	2	1	3
878	165090	47	3	2	2
823	165095	63	2	0	0
870	165088	56	2	0	1
832	165114	63	1	2	3
834	165102	63	2	1	0
889	165114	50	1	2	3
873	165092	47	3	2	1
829	165107	63	2	0	0
891	165102	50	1	0	0
876	165088	47	2	2	0
824	165097	63	1	1	0
886	165107	50	1	1	0
924	165107	56	2	1	0
927	165114	56	1	2	3
831	165115	63	0	1	2
833	165106	63	0	3	0
890	165106	50	0	2	0
838	165103	63	1	2	2
894	165103	50	2	2	0
839	165105	63	2	2	0
897	165105	50	2	2	0
840	165110	63	1	0	0
826	165101	63	3	2	1
885	165109	50	2	1	0
883	165101	50	1	1	0
825	165111	63	1	2	0
882	165111	50	0	2	0
923	165109	56	1	0	0
828	165112	63	1	2	0
830	165113	63	1	1	2
887	165113	50	0	2	0
925	165113	56	1	2	0
888	165115	50	1	1	0
926	165115	56	2	1	0
836	165116	63	2	2	0
893	165116	50	0	2	3
837	165104	63	0	0	0
895	165104	50	0	2	1
896	165110	50	0	2	1
1086	165126	56	3	2	0
970	165112	2	0	4	0
864	165099	56	1	1	3
900	165099	51	2	0	0
901	165096	51	3	0	1
935	165105	56	2	2	0
975	165105	47	2	2	0
999	165105	48	1	1	0
934	165110	56	1	2	3
907	165095	61	2	1	0
726	165098	62	0	1	0
874	165098	47	2	3	0
910	165098	2	1	2	0
918	165098	51	0	2	0
727	165091	62	2	1	0
866	165094	56	1	1	0
902	165094	51	3	1	0
850	165087	48	2	0	1
860	165087	2	2	0	1
861	165087	56	2	0	1
879	165087	51	2	1	2
898	165086	2	3	0	1
791	165091	50	1	1	0
818	165091	63	0	0	0
848	165091	61	1	1	0
858	165091	48	0	1	2
869	165091	56	2	2	0
875	165091	47	1	1	0
998	165110	48	1	2	3
911	165091	2	2	0	0
899	165085	2	0	3	1
919	165091	51	2	1	0
913	165095	47	1	1	2
916	165095	56	2	1	0
942	165095	48	2	2	3
945	165095	51	1	1	2
948	165095	2	0	2	0
936	165088	2	2	1	1
908	165097	61	1	1	0
914	165097	47	2	2	0
917	165097	56	2	2	0
943	165097	48	1	1	0
946	165097	51	1	2	1
949	165097	2	1	1	0
645	165092	52	2	1	1
725	165092	62	2	0	3
909	165092	2	2	0	3
1068	165117	56	1	1	0
1079	165117	61	2	1	4
1069	165124	56	1	2	0
1080	165124	61	2	1	0
1064	165121	2	2	0	0
930	165108	56	1	0	0
904	165089	61	0	2	1
976	165108	47	2	2	3
993	165108	61	2	2	3
937	165089	2	1	1	0
939	165089	48	0	2	1
995	165108	48	2	1	0
1005	165108	2	2	1	0
938	165090	2	2	1	3
940	165090	48	2	1	3
1066	165118	56	2	1	2
1067	165120	56	3	1	2
912	165093	47	2	1	1
915	165093	56	1	1	0
941	165093	48	2	0	1
944	165093	51	3	0	1
947	165093	2	3	0	1
1088	165128	56	1	2	0
1090	165126	62	2	1	0
1092	165128	62	0	1	0
929	165102	56	2	1	0
972	165102	47	2	2	0
1098	165126	52	2	1	0
1089	165127	62	0	1	3
1097	165127	52	1	1	0
990	165102	61	2	1	0
1105	165127	61	0	3	3
1109	165127	48	0	1	3
1110	165126	48	2	1	0
1091	165125	62	1	2	3
1099	165125	52	2	0	0
1107	165125	61	1	1	0
1113	165125	51	0	2	9
931	165116	56	1	3	2
951	165101	47	1	3	0
959	165101	48	1	2	0
963	165101	61	1	2	0
1117	165130	50	2	1	8
969	165101	2	2	2	0
1118	165129	50	1	1	12
1122	165129	56	1	2	0
655	165111	52	0	3	0
734	165111	62	0	2	0
1120	165132	50	3	1	12
920	165111	56	0	1	0
950	165111	47	1	1	0
958	165111	48	1	2	0
962	165111	61	0	2	0
968	165111	2	0	2	0
1001	165103	48	1	3	1
933	165104	56	2	1	0
977	165104	47	2	1	0
1000	165104	48	1	0	0
954	165107	47	2	2	0
966	165107	61	1	2	1
982	165107	48	1	0	0
985	165107	2	2	1	0
955	165113	47	2	2	2
967	165113	61	0	2	0
983	165113	48	0	1	0
953	165109	47	1	1	2
961	165109	48	3	0	0
965	165109	61	2	0	0
971	165109	2	3	1	0
884	165112	50	0	2	0
922	165112	56	0	1	0
952	165112	47	1	2	0
960	165112	48	0	2	0
964	165112	61	0	3	0
986	165113	2	0	3	0
974	165116	47	1	3	2
957	165114	47	1	2	3
981	165114	61	0	2	1
984	165114	48	1	2	3
987	165114	2	1	3	1
956	165115	47	1	3	1
980	165115	61	0	2	1
988	165115	2	2	2	0
989	165115	48	1	1	0
932	165103	56	1	3	1
997	165102	48	1	1	0
1002	165102	2	1	1	0
928	165106	56	1	3	0
973	165106	47	1	2	0
978	165103	47	1	2	2
979	165110	47	1	2	3
991	165106	61	0	2	0
996	165106	48	0	2	0
1003	165106	2	0	2	0
992	165116	61	1	2	1
994	165116	48	0	2	3
1004	165116	2	1	1	0
1007	165103	2	1	2	2
1006	165104	2	1	0	0
1009	165105	2	1	2	2
1008	165110	2	0	2	1
1130	165129	47	1	1	12
1132	165129	48	1	2	0
1133	165129	61	1	0	0
1014	165118	52	1	3	0
1022	165118	50	2	1	2
1030	165118	62	2	0	6
1038	165118	47	2	1	2
1045	165118	63	2	1	2
1053	165118	48	2	1	2
1070	165118	51	2	1	2
1083	165125	50	0	1	3
1087	165125	56	1	1	0
1095	165125	2	0	1	3
1015	165120	52	2	1	4
1023	165120	50	2	1	4
1031	165120	62	2	0	2
1039	165120	47	3	1	2
1046	165120	63	2	0	2
1054	165120	48	3	1	2
1071	165120	51	4	0	2
1016	165117	52	2	2	0
1024	165117	50	1	1	0
1032	165117	62	2	1	4
1040	165117	47	1	1	0
1047	165117	63	1	0	6
1055	165117	48	0	1	0
1072	165117	51	3	1	2
1017	165124	52	1	1	6
1025	165124	50	1	2	0
1033	165124	62	2	3	0
1048	165124	63	1	3	0
1056	165124	48	1	2	0
1073	165124	51	2	3	0
1103	165125	47	1	2	3
1115	165125	48	0	1	3
1010	165119	52	1	1	0
1018	165119	50	1	1	0
1026	165119	62	1	0	4
1034	165119	47	1	1	0
1041	165119	63	2	1	4
1049	165119	48	1	1	0
1057	165119	2	1	1	0
1059	165119	61	2	2	0
1011	165123	52	0	0	0
1019	165123	50	1	0	4
1027	165123	62	1	1	0
1035	165123	47	1	1	0
1042	165123	63	1	2	0
1050	165123	48	2	1	6
1058	165123	2	2	0	2
1060	165123	61	2	2	0
1084	165128	50	1	1	9
1096	165128	2	1	1	9
1012	165122	52	3	1	0
1020	165122	50	1	2	0
1028	165122	62	2	0	0
1036	165122	47	2	1	0
1043	165122	63	3	1	0
1051	165122	48	2	2	4
1061	165122	61	3	2	0
1100	165128	52	0	3	0
1104	165128	47	1	1	9
1108	165128	61	0	2	0
1114	165128	51	0	3	0
1116	165128	48	0	1	0
1013	165121	52	1	1	6
1021	165121	50	1	0	0
1029	165121	62	2	1	0
1037	165121	47	1	2	0
1044	165121	63	2	0	0
1052	165121	48	2	0	0
1062	165121	61	2	0	0
744	165108	62	1	1	2
1081	165127	50	2	2	0
1085	165127	56	2	3	3
1093	165127	2	1	3	6
1101	165127	47	1	2	3
1111	165127	51	0	1	3
1082	165126	50	1	2	9
1094	165126	2	2	2	0
1102	165126	47	1	1	0
1106	165126	61	3	2	0
1112	165126	51	2	1	0
1119	165131	50	3	1	10
1135	165131	52	3	1	10
1137	165131	47	2	1	5
1139	165131	61	3	0	5
1121	165130	56	2	2	0
1123	165130	52	2	2	0
1125	165130	2	2	1	8
1127	165130	62	2	0	4
1129	165130	47	2	2	0
1131	165130	48	2	1	8
1124	165129	52	2	1	0
1126	165129	2	1	0	0
1128	165129	62	1	2	0
1140	165131	2	2	0	15
1142	165131	51	2	0	15
1134	165132	61	3	0	6
1136	165132	52	2	0	12
1138	165132	47	3	1	12
1141	165132	2	2	0	12
1143	165132	51	2	1	6
1144	165132	48	2	0	12
\.


--
-- Name: paris_id_seq; Type: SEQUENCE SET; Schema: public; Owner: pari
--

SELECT pg_catalog.setval('paris_id_seq', 1144, true);


--
-- Data for Name: phase; Type: TABLE DATA; Schema: public; Owner: pari
--

COPY phase (id, libelle) FROM stdin;
1	Phase de groupes (1ière journée)
2	Phase de groupes (2ième journée)
3	Phase de groupes (3ième journée)
4	Huitièmes de finale
5	Quarts de finale
6	Demi-finales
7	Match pour la troisième place
8	Finale
\.


--
-- Data for Name: session; Type: TABLE DATA; Schema: public; Owner: pari
--

COPY session (id, token, date, utilisateur_id) FROM stdin;
125	3a6ed5f639068dd919a7839ed1f63171	2018-06-15 11:25:17	4
358	9b173d48f11ba6cf198776615c16c1ac	2018-07-01 22:35:46	48
368	0ab50e01b8e3869bf6f4371dbff5d214	2018-07-02 20:56:13	56
370	7b078c08f2313d88e161659f6f7cf39d	2018-07-02 22:14:25	2
372	e20fef81bb4d54b94b8aa926d5124c0c	2018-07-02 23:22:14	48
374	0e0a44b00e8e01664df3fa851de268e5	2018-07-03 01:27:47	50
135	a19af185de7b4be5b8383fe5dc213f36	2018-06-15 21:24:04	52
376	5033c793358d4185b739616ce2f7a01e	2018-07-03 08:44:41	2
378	f00634705de3e65e8f954cf433ca0343	2018-07-03 14:13:06	48
380	47e512f4e4837eb0f4e5b79fce2f5881	2018-07-03 17:00:15	61
382	8c62d50b9d82be9a875d608ac6dde527	2018-07-03 20:38:28	47
384	620f06da468fd0419f11cb1121a0683a	2018-07-04 00:46:20	50
141	f11631229c4965ad4890dbb44999a1b3	2018-06-16 06:54:50	56
388	f4602a4a3016de32c6f460d538584cb4	2018-07-04 13:12:39	48
390	8c0af984001254f9b8c5c3c70fa84f2f	2018-07-04 17:20:29	48
392	942934a773a33f859e02ad40b345c5e1	2018-07-05 16:41:19	61
394	57a9b6d439a7257e1b003825f9c53c22	2018-07-06 13:08:08	48
396	88b13e01707b1112055f6c87a58b332c	2018-07-06 16:57:42	50
398	712b13d4cf93ec78fe545421a5463fae	2018-07-06 23:18:31	48
400	bc9ad8b4c1c9b5f3b6c621ba826c8d57	2018-07-07 12:09:37	2
155	e5c9011ccbdc6b61afb1808e50b7c9a9	2018-06-16 14:22:50	51
404	799ca0a42af27f72c9c586aa148f5726	2018-07-07 19:17:50	50
406	703b0f487661dedd006f62b215e68e33	2018-07-07 20:38:07	52
158	6ade34bf0a84568266661b476dab7077	2018-06-16 19:36:54	51
159	05f048e0a8def422774a38a9bf30bb41	2018-06-16 22:56:10	56
408	77b50668c74d87af6afd6c7e03784838	2018-07-08 00:23:06	50
410	831eba305bcf6f6e7d43740e21d4cb5d	2018-07-08 10:33:43	61
162	3bb6694731d9e1d0e748698ecff327d3	2018-06-17 08:09:24	56
412	c4c4523e88279830bb09d284619e42df	2018-07-08 11:52:45	50
164	94391ebbe057e74f85f35cbe91b8d83b	2018-06-17 10:50:45	61
414	c1ec73ef19fb482d81320e9d3e2f42ff	2018-07-08 17:33:40	48
416	6a1aab80824132e5247a0160ca5168f3	2018-07-08 22:20:51	48
167	369804da927ca3ea50784ce4e689c181	2018-06-17 13:15:24	51
168	a003b81711ed320046ea1e4052bc4b78	2018-06-17 14:43:08	56
418	e39281eade41dc0c251a77dbff5881d0	2018-07-09 10:28:22	50
420	d1c0e6e1fdf71cc1b18fb691e9e32c30	2018-07-09 12:37:05	47
171	cf205c676664a86495b6b6ddf96a243e	2018-06-17 17:15:06	56
422	20dcc40680c1a6bea54b5a10f55fa3c0	2018-07-10 07:09:24	2
424	68b18a055f3b2356ea4bda18554f7791	2018-07-10 14:57:27	48
426	e15175129cc1a41b51974a524264317c	2018-07-10 20:58:58	50
428	d747cac084754e67cbf9f178a06fcd3e	2018-07-11 01:34:23	48
430	2d11871bae8bccedf98f52b7b860b8b9	2018-07-11 10:40:37	62
432	6eb6ebfedb095ee48eb331c86e21ea21	2018-07-11 19:01:18	61
434	828a5f096d2b4dad5d56cc58255707d4	2018-07-11 21:50:13	2
181	d90253ee308f58fde61ecaa24e2bcb7b	2018-06-18 13:31:02	51
436	4c398ee74a93c71d9635a0b1c0d0c318	2018-07-12 07:28:55	47
438	60edeb9426364000705d83c08b31c6ee	2018-07-12 09:40:14	62
185	8970229c40a5aff4b83ffaeb56892c3d	2018-06-18 15:50:36	51
440	0abb101bd6630c3b12c6a75196ef5f53	2018-07-12 11:16:23	48
442	8ed1e6cd0248ea0a97294814073f485c	2018-07-12 17:10:25	61
444	ae6b12cc99e23a667caed7496c2aea95	2018-07-12 21:31:09	47
189	3ae5c7e38dfd15fc803ae432111261fa	2018-06-18 19:02:03	56
190	6b27131df77a38d274b34970368ee0e8	2018-06-18 19:15:04	61
191	7df1dcec53262eb20c30ec91530bed49	2018-06-18 19:15:04	61
192	930308c511d31d9727b5c09076e6a995	2018-06-18 19:15:05	61
446	d5b8dd3e45acbe99936c443396c7c7fe	2018-07-13 09:50:35	62
195	8c490d03833771bab9a6ac2e6bf339c0	2018-06-18 21:09:27	63
196	7be5418e8b8451af895544a84e43e0ae	2018-06-18 21:55:42	51
198	e092fcfef83e5baa13a2776ea2ab89fa	2018-06-18 23:48:48	61
448	561893384a56df5242104ac2d92d25dc	2018-07-13 13:51:39	47
450	2b11ee4d9b74cefa76793d0d3d5de2af	2018-07-13 22:33:48	47
452	3b3f21d53596d43d5a54c1c8fb463ee2	2018-07-14 12:51:52	2
454	714d5f02f481168559633859ef739548	2018-07-14 15:44:19	51
455	58a325af2ed26db6673ab0baf2453e2d	2018-07-14 17:52:13	47
456	24e2a69732a2f0932dacaf8ebd2bdeb5	2018-07-14 18:35:10	2
205	c98818aa3ea69b28567f5ccff9cfe264	2018-06-19 21:10:17	61
457	a080706ffa7f48895eed3300e19980a4	2018-07-14 19:11:41	48
458	d65af69979e9f801f518e5d0b4e09e1d	2018-07-15 12:41:23	52
209	0826c35c363f7e1b65ef5dcdf8c5cbc3	2018-06-20 08:17:04	61
210	29bdcd3e2b5ec16ef40e6e49b0fb634f	2018-06-20 09:03:12	56
212	5b42a47bafdcc4c7663f0854442b8245	2018-06-20 13:57:02	51
213	9ba147aa43e5dc4a78c2b2f1c68fd578	2018-06-20 13:57:02	51
214	97c0c2f7347541a6bdc8291039ffab07	2018-06-20 13:57:03	51
215	94bfdae33aa71189dba955a7a18923cc	2018-06-20 13:57:07	51
217	ba3ca879cecb1dce9a3274828f5767c8	2018-06-20 16:00:55	51
459	275df97d2956f42abd9e0768318b4b7a	2018-07-15 16:32:07	50
460	72f78d5cc96b8f63d17a45100e44d47d	2018-07-15 19:02:16	2
221	16049e861b7e13e3f32a2084f0f7971d	2018-06-20 17:17:15	61
226	795f0271a79487704a0c65aa1bafd5bf	2018-06-21 08:58:09	56
227	9afe9e91c2d7b5e34bc66c7c0de37ed8	2018-06-21 09:47:29	61
228	881633ada6bfff80148e8976badedfb1	2018-06-21 12:11:23	51
229	581285b7bef1eac59f37afc22eafb08d	2018-06-21 13:44:03	52
230	d1e361d430855ebe68b31f6f4c40f06f	2018-06-21 14:40:29	52
236	712c708463fbd33c316e69c5dd1f0482	2018-06-21 18:55:42	61
241	b9276a4b7256fc08c0fe48c2c4d5a27b	2018-06-22 09:15:06	61
242	c2474dedb47dfdc390288315cc9ddf39	2018-06-22 09:23:26	56
245	3befd58137fffbe02659d335d47825b3	2018-06-22 13:16:52	61
246	2914ac7c9e577288262ff82eddac0485	2018-06-22 13:37:41	61
248	b2bbf3a0c1190471e9c2b601a56cfaec	2018-06-22 16:02:49	61
250	38aec7e51ab16e6f3f088f831b4130ad	2018-06-22 16:06:06	51
251	73e4e593fe58e31646742f197e0835e2	2018-06-22 16:08:20	61
252	566f3eb3750af7e9adac1bf50bf8e585	2018-06-22 19:01:07	61
253	e723300201561b2cf9d6e17d2dd1d048	2018-06-22 21:22:21	56
255	0fa94054ce2564ff4a4b7d8483454f18	2018-06-22 23:24:17	61
259	f5de22ad8a35bc4887b7a1821f8bd924	2018-06-23 14:12:18	52
359	5c1f8e72cfca3e509366d2104779a01c	2018-07-01 23:09:49	48
361	4449b97a559f0eb59e2c84085269b0c2	2018-07-02 09:04:02	2
263	1e7f7fa005168f257b6f1417710d558e	2018-06-23 20:34:36	61
264	53fa413534c4aa77ad7e39e6a16efe08	2018-06-23 20:52:21	52
365	bb6e6a2d7b128089204188034bce1d21	2018-07-02 16:54:08	61
266	9b67be0cdf1efc33529efb3dc6136220	2018-06-23 22:54:45	61
267	5cafb2282ca7006e6be855384b03513a	2018-06-23 23:18:27	52
268	a65fb6d3629f0755a0e13eb1413ccbdd	2018-06-24 08:01:30	51
271	f7d7d2293e4dff5ba49cc4b1dc0353fc	2018-06-24 14:42:15	52
274	d48fbee4125040b698ccf93fc16f0175	2018-06-24 17:25:54	61
275	8294b6802219b75f9fe9b202d456bbac	2018-06-24 17:42:40	56
371	35252b238481edccfc6fde25fcc4f743	2018-07-02 22:41:09	48
373	a57189e902329bbecc07991e7686bf59	2018-07-02 23:52:06	51
375	ce62ffa8c1a5acb3694eedfab187c9b1	2018-07-03 08:24:41	61
280	c901a88c202505acc0adac92e2a60f27	2018-06-24 22:28:54	61
377	e847e66e089ed0a1962bf5e93e8113b1	2018-07-03 13:25:56	52
283	aa83a864ce05e56e82f5663b11ab8a5a	2018-06-25 10:38:02	56
381	d5f2517ee920489c6baee71fc40d9c7e	2018-07-03 20:25:09	50
287	44cea050db7725b5734aebce82982cce	2018-06-25 17:51:46	52
383	78adc63aec9a2d748b2090cf3b094374	2018-07-03 21:06:35	51
385	1dd1536bafe9ff3dcb3882e07b1259a7	2018-07-04 08:59:32	56
290	2de3d12f2fdb382f2f8609fab502db34	2018-06-25 21:15:51	52
291	13d142a7e0de339edefa99d8099e5722	2018-06-25 22:32:55	56
292	cbfd175940212954494330bed2b62e6a	2018-06-26 08:07:45	61
293	a207d3c2fc8a77ac39b9b85ee41478aa	2018-06-26 13:03:55	47
387	0560ed86eef1578e32ff2ebaad0c076d	2018-07-04 10:39:10	2
389	b9473e6a7b936769dd1673e4b209152d	2018-07-04 14:26:49	61
297	72bebf5a378c780793f1d4db1733656f	2018-06-26 17:20:58	47
391	4e4b8ff9914f120e05ff79db698e4bf5	2018-07-05 13:58:19	47
299	f3096c3a665214f0aadbe5d4693034a1	2018-06-26 21:09:46	63
300	641a8fe6fd1f2f234968129d8e50f724	2018-06-26 22:21:27	61
393	50bf04303c5fa917bc0f5ccc63caae3c	2018-07-06 10:22:09	56
395	dcd6134570b311af99a137ce2773475c	2018-07-06 13:45:00	51
397	b04e7788f47ac5ed7d14488385d5275a	2018-07-06 22:08:45	51
305	4518d3703a09d8441f1da4bc3c176015	2018-06-27 08:51:32	56
306	b693458d89b824460acaf121974f0d61	2018-06-27 15:08:32	2
307	7ffd21caeb7afa0f3de7d387c1c52646	2018-06-27 18:24:52	61
308	eda7132f34815f5342c25d7fe1bad99e	2018-06-27 19:10:47	2
309	e77611b0062a6445b66a277174253333	2018-06-27 21:23:57	47
310	fbf6ad39a6722d74d2b2973f7501d135	2018-06-27 21:48:29	2
311	4dd8da8d247665c3444504397048e0cc	2018-06-27 22:10:40	63
312	e5276bbe22b60071a08fed3329baea31	2018-06-27 22:11:23	56
399	2c7d38df9cab8d14a5159c4ed60ee17d	2018-07-07 09:03:27	61
401	38c74d26884648255461200c64685c3f	2018-07-07 16:21:10	61
316	512620e3db0c467ce50fb1421ced728d	2018-06-28 07:57:12	61
317	ac25378f241f5e3ebef691255f6849ba	2018-06-28 09:33:53	56
318	a09221bee2883a0a2575c3873720c240	2018-06-28 13:03:12	47
319	1258d721a289c3e8329148f6f9e30822	2018-06-28 20:03:17	47
403	b35bc3319ecf35ad27670257b323dd83	2018-07-07 16:42:04	62
321	a056228bf598690e0b874b3f283e2299	2018-06-28 20:45:49	61
322	477487442bed423003d87a31498b691f	2018-06-28 21:48:03	52
323	f1a1d74196abed81a897fae45c5ae0eb	2018-06-28 23:29:46	47
324	aa6f44634aca4f08f34d13a23e3ab1bc	2018-06-28 23:50:43	61
325	1072b0979db9ac7cd3ea7d58cbaa30cc	2018-06-29 06:33:26	2
326	5ed710ab21e940cea256f5b04eb83b91	2018-06-29 06:41:22	2
330	b2d0a3785b5764fecc4737b97006ecee	2018-06-29 11:24:14	56
331	a52d3fcbd292a24062b181b7ba09820a	2018-06-29 11:27:45	2
332	040bfe5f6c5c003f482e53a026c86a54	2018-06-29 11:43:30	61
334	cc70f2ef322bfa8453365e615e663ce3	2018-06-29 13:59:41	47
335	60b4861463a337fa01276224fcf4dd24	2018-06-29 20:58:03	63
405	9e790de27b21a7a5e97b43f622cd4e5e	2018-07-07 20:17:17	47
337	74fb359aa08f8c7fb2005a5e14ca8db0	2018-06-30 08:52:34	2
338	06dbf23c41bc3021c2e8e79549cae6ad	2018-06-30 10:22:42	61
407	ea7f3af19b8d6456a67bf5015c478abd	2018-07-07 22:46:58	50
409	10e1c9ece0ba4ee11929d5b7aa4525b8	2018-07-08 00:56:51	61
411	4c9e371482a2d29cbc2b3ff905cb45e3	2018-07-08 10:48:20	61
413	e22b6ac8b5ec65f3b6368802d7246bb9	2018-07-08 12:38:15	52
343	0779aa0522ff07055b201c07bec0e2d9	2018-06-30 20:27:06	47
415	b36f59557cc2c4012a3b7c8814f0c8ce	2018-07-08 19:43:31	56
346	4f8a46f232e2b6b78a061de9e9d00d73	2018-07-01 08:11:39	2
417	8f1327d38bdc8ba00fcc862fd355e22d	2018-07-09 10:28:21	50
350	ce0e4766728df9c3a960268dac538c63	2018-07-01 18:56:31	61
351	1843fef6ab143bc8c6dc7095370c928e	2018-07-01 19:01:25	47
352	3b865a30a7606652cf9a6c7e94426243	2018-07-01 19:39:23	2
353	7654f05f41203599f8930a9640d98843	2018-07-01 20:39:01	56
354	09132f0e8bf016ceca5289f5d92c24db	2018-07-01 21:49:46	51
355	ef4419324832a7b34b469bee951645b1	2018-07-01 22:00:47	47
419	cd029046bd13b6c4ff2454b043b04309	2018-07-09 11:25:07	62
357	fdf44858d5824f905b80743ca7e28881	2018-07-01 22:07:53	2
421	8a2cd8a09315754266ccb320a393bd71	2018-07-09 15:46:02	61
423	ce2cabfd1d267c09014d8b40d7738809	2018-07-10 08:55:00	56
425	a149808b1cca001fdf00d2648eab835f	2018-07-10 19:57:05	56
427	2eec38e091b2b609332308aafa619e39	2018-07-10 23:49:46	50
429	cb78d098012679ebbf19163c0f5061ac	2018-07-11 09:10:22	2
431	6929990b06de9102582c6b44e7bce038	2018-07-11 12:31:57	48
433	5e13ecdfc3187f3fbe7a570771596651	2018-07-11 21:32:06	56
435	01d74d123f2e22665e404a1e1f8bca36	2018-07-11 22:03:41	52
437	2d83e737dabb8fe164205db9a21aa6f9	2018-07-12 08:34:38	2
439	f1043e77c7cd9b2a1a4a74324f6b9c5b	2018-07-12 11:16:21	48
441	930332c04e7759e2461e2364d7125df7	2018-07-12 13:19:38	56
443	a1c720976b66a6cdca34c00a288842db	2018-07-12 17:37:35	62
445	3b22bf5776f7c8783b635ec5e3a69b0c	2018-07-13 09:26:37	50
447	effa5fc6d6a43b54e690294ca132a53b	2018-07-13 13:45:54	52
449	d179e8c2b3fdc16a09239ea28e21974b	2018-07-13 14:39:11	2
451	8a83e492103349b636743f9db310d1b9	2018-07-14 11:21:34	61
453	f544c250b217e3ec4d79512407163bfd	2018-07-14 13:47:35	2
461	b044a2dd3f90d95259b64c3e51ce3062	2018-07-15 20:37:03	56
462	9cd235ad62fcc4e81278e41be17db339	2018-07-15 20:39:25	48
463	4f296acb7acb12b874dbb0c14fc3a51a	2018-07-16 14:42:00	48
464	d7b67243b6ef54869fd4471375564a69	2018-07-16 18:05:08	61
465	479de375da8a6c4bbf5e41bc577af5d4	2018-07-16 19:48:11	50
466	13961f87ec7e6edf86ceefacaa625fff	2018-07-17 08:22:55	61
467	031d4c3ee4237968888e5e0dd5fd6f6d	2018-07-20 07:34:40	47
\.


--
-- Name: session_id_seq; Type: SEQUENCE SET; Schema: public; Owner: pari
--

SELECT pg_catalog.setval('session_id_seq', 467, true);


--
-- Data for Name: utilisateur; Type: TABLE DATA; Schema: public; Owner: pari
--

COPY utilisateur (id, nom, prenom, login, email, password, promotion, isactif, isadmin, points) FROM stdin;
47	Ancel	Dėborah	Debohr	deborah.ancel@orange.fr	93128335a01e29e5ea1709da52e39c97	1	1	0	84
50	Guichon	Michel	Michmich	guichonm@yahoo.fr	6e63e8477cbd650a61e8ce8d0ed527ae	2	1	0	110
2	andré	damien	damsazio	damien.andre@gmail.com	d343755e97683a080f4d5c0cd5958b77	1	1	1	83
4	mouret	florian	LaBedaine	teroum@yahoo.fr	21a37f5ea31a002a1ae1e0e733acb8da	1	1	1	0
51	julie	julie	papoulet	julie.borel@gmail.com	21b07c6d7c48cda669c1d20884dce920	2	1	0	55
52	Pelletier 	Hugo	Lapince38	Hpelletier@gmail.com	c53cb19ce1e86e844abeeed8d73a84c8	2	1	0	70
56	GUILLOUX	Julien	Fifrellin	julguilloux@gmail.com	84f18fccb0d092f894d97d12064d9754	2	1	0	35
61	beauchiere	arnaud	bobard	arnaud.beauchiere@gmail.com	3e0646081017bfd91344d8bd11df7944	1	1	0	47
63	borel	romain	roro8brl	romainborel@yahoo.fr	b03e3fd2b3d22ff6df2796c412b09311	1	1	0	37
48	Mermet	Gaultier	Gotfire	gaultier.mermet@gmail.com	c81d8b09f022f82226a865a7065db862	1	1	0	85
62	Merle	Julien	Zoozmer	Julien.merle@hotmail.com	df5ea29924d39c3be8785734f13169c6	2	1	0	65
\.


--
-- Name: utilisateur_id_seq; Type: SEQUENCE SET; Schema: public; Owner: pari
--

SELECT pg_catalog.setval('utilisateur_id_seq', 63, true);


--
-- Name: equipe equipe_pkey; Type: CONSTRAINT; Schema: public; Owner: pari
--

ALTER TABLE ONLY equipe
    ADD CONSTRAINT equipe_pkey PRIMARY KEY (id);


--
-- Name: etat etat_pkey; Type: CONSTRAINT; Schema: public; Owner: pari
--

ALTER TABLE ONLY etat
    ADD CONSTRAINT etat_pkey PRIMARY KEY (id);


--
-- Name: match match_pkey; Type: CONSTRAINT; Schema: public; Owner: pari
--

ALTER TABLE ONLY match
    ADD CONSTRAINT match_pkey PRIMARY KEY (id);


--
-- Name: paris paris_pkey; Type: CONSTRAINT; Schema: public; Owner: pari
--

ALTER TABLE ONLY paris
    ADD CONSTRAINT paris_pkey PRIMARY KEY (match_id, utilisateur_id);


--
-- Name: phase phase_pkey; Type: CONSTRAINT; Schema: public; Owner: pari
--

ALTER TABLE ONLY phase
    ADD CONSTRAINT phase_pkey PRIMARY KEY (id);


--
-- Name: session session_pkey; Type: CONSTRAINT; Schema: public; Owner: pari
--

ALTER TABLE ONLY session
    ADD CONSTRAINT session_pkey PRIMARY KEY (id, utilisateur_id);


--
-- Name: utilisateur utilisateur_pkey; Type: CONSTRAINT; Schema: public; Owner: pari
--

ALTER TABLE ONLY utilisateur
    ADD CONSTRAINT utilisateur_pkey PRIMARY KEY (id);


--
-- Name: fk_session_utilisateur_idx; Type: INDEX; Schema: public; Owner: pari
--

CREATE INDEX fk_session_utilisateur_idx ON session USING btree (utilisateur_id);


--
-- Name: idx_session_token; Type: INDEX; Schema: public; Owner: pari
--

CREATE INDEX idx_session_token ON session USING btree (token);


--
-- Name: login_unique_utilisateur; Type: INDEX; Schema: public; Owner: pari
--

CREATE INDEX login_unique_utilisateur ON utilisateur USING btree (login);


--
-- Name: mail_unique_utilisateur; Type: INDEX; Schema: public; Owner: pari
--

CREATE INDEX mail_unique_utilisateur ON utilisateur USING btree (email);


--
-- Name: session_id_idx; Type: INDEX; Schema: public; Owner: pari
--

CREATE UNIQUE INDEX session_id_idx ON session USING btree (id);


--
-- Name: utilisateur_id_idx; Type: INDEX; Schema: public; Owner: pari
--

CREATE UNIQUE INDEX utilisateur_id_idx ON utilisateur USING btree (id);


--
-- Name: match fk_match_equipe_dom; Type: FK CONSTRAINT; Schema: public; Owner: pari
--

ALTER TABLE ONLY match
    ADD CONSTRAINT fk_match_equipe_dom FOREIGN KEY (equipe_id_dom) REFERENCES equipe(id);


--
-- Name: match fk_match_equipe_ext; Type: FK CONSTRAINT; Schema: public; Owner: pari
--

ALTER TABLE ONLY match
    ADD CONSTRAINT fk_match_equipe_ext FOREIGN KEY (equipe_id_ext) REFERENCES equipe(id);


--
-- Name: match fk_match_etat; Type: FK CONSTRAINT; Schema: public; Owner: pari
--

ALTER TABLE ONLY match
    ADD CONSTRAINT fk_match_etat FOREIGN KEY (etat_id) REFERENCES etat(id);


--
-- Name: match fk_match_phase; Type: FK CONSTRAINT; Schema: public; Owner: pari
--

ALTER TABLE ONLY match
    ADD CONSTRAINT fk_match_phase FOREIGN KEY (phase_id) REFERENCES phase(id);


--
-- Name: paris fk_paris_match; Type: FK CONSTRAINT; Schema: public; Owner: pari
--

ALTER TABLE ONLY paris
    ADD CONSTRAINT fk_paris_match FOREIGN KEY (match_id) REFERENCES match(id);


--
-- Name: paris fk_paris_utilisateur; Type: FK CONSTRAINT; Schema: public; Owner: pari
--

ALTER TABLE ONLY paris
    ADD CONSTRAINT fk_paris_utilisateur FOREIGN KEY (utilisateur_id) REFERENCES utilisateur(id);


--
-- Name: session fk_session_utilisateur; Type: FK CONSTRAINT; Schema: public; Owner: pari
--

ALTER TABLE ONLY session
    ADD CONSTRAINT fk_session_utilisateur FOREIGN KEY (utilisateur_id) REFERENCES utilisateur(id) ON DELETE CASCADE;


--
-- PostgreSQL database dump complete
--

